﻿{"data":[{"Properties":{"domain":"MYDOMAIN.LOCAL","name":"WINSERVERAD.MYDOMAIN.LOCAL","distinguishedname":"CN=WINSERVERAD,OU=DOMAIN CONTROLLERS,DC=MYDOMAIN,DC=LOCAL","domainsid":"S-1-5-21-2255227357-4171184251-1980126424","highvalue":false,"samaccountname":"WINSERVERAD$","haslaps":false,"description":null,"whencreated":1674279395,"enabled":true,"unconstraineddelegation":true,"trustedtoauth":false,"lastlogon":1674314773,"lastlogontimestamp":1674308241,"pwdlastset":1674308242,"serviceprincipalnames":["Dfsr-12F9A27C-BF97-4787-9364-D31B6C55EB04/winserverAD.mydomain.local","ldap/winserverAD.mydomain.local/ForestDnsZones.mydomain.local","ldap/winserverAD.mydomain.local/DomainDnsZones.mydomain.local","DNS/winserverAD.mydomain.local","GC/winserverAD.mydomain.local/mydomain.local","RestrictedKrbHost/winserverAD.mydomain.local","RestrictedKrbHost/WINSERVERAD","RPC/308dec14-0e79-4db3-a815-7d8eb5a313e7._msdcs.mydomain.local","HOST/WINSERVERAD/MYDOMAIN","HOST/winserverAD.mydomain.local/MYDOMAIN","HOST/WINSERVERAD","HOST/winserverAD.mydomain.local","HOST/winserverAD.mydomain.local/mydomain.local","E3514235-4B06-11D1-AB04-00C04FC2DCD2/308dec14-0e79-4db3-a815-7d8eb5a313e7/mydomain.local","ldap/WINSERVERAD/MYDOMAIN","ldap/308dec14-0e79-4db3-a815-7d8eb5a313e7._msdcs.mydomain.local","ldap/winserverAD.mydomain.local/MYDOMAIN","ldap/WINSERVERAD","ldap/winserverAD.mydomain.local","ldap/winserverAD.mydomain.local/mydomain.local"],"operatingsystem":"Windows Server 2022 Standard","sidhistory":[]},"PrimaryGroupSID":"S-1-5-21-2255227357-4171184251-1980126424-516","AllowedToDelegate":[],"AllowedToAct":[],"HasSIDHistory":[],"Sessions":{"Results":[],"Collected":true,"FailureReason":null},"PrivilegedSessions":{"Results":[],"Collected":false,"FailureReason":null},"RegistrySessions":{"Results":[],"Collected":false,"FailureReason":null},"LocalAdmins":{"Results":[{"ObjectIdentifier":"S-1-5-21-2255227357-4171184251-1980126424-500","ObjectType":"User"},{"ObjectIdentifier":"S-1-5-21-2255227357-4171184251-1980126424-519","ObjectType":"Group"},{"ObjectIdentifier":"S-1-5-21-2255227357-4171184251-1980126424-512","ObjectType":"Group"}],"Collected":true,"FailureReason":null},"RemoteDesktopUsers":{"Results":[],"Collected":true,"FailureReason":null},"DcomUsers":{"Results":[],"Collected":true,"FailureReason":null},"PSRemoteUsers":{"Results":[],"Collected":true,"FailureReason":null},"Status":null,"Aces":[{"PrincipalSID":"S-1-5-21-2255227357-4171184251-1980126424-512","PrincipalType":"Group","RightName":"Owns","IsInherited":false},{"PrincipalSID":"S-1-5-21-2255227357-4171184251-1980126424-512","PrincipalType":"Group","RightName":"GenericAll","IsInherited":false},{"PrincipalSID":"S-1-5-21-2255227357-4171184251-1980126424-526","PrincipalType":"Group","RightName":"AddKeyCredentialLink","IsInherited":true},{"PrincipalSID":"S-1-5-21-2255227357-4171184251-1980126424-527","PrincipalType":"Group","RightName":"AddKeyCredentialLink","IsInherited":true},{"PrincipalSID":"S-1-5-21-2255227357-4171184251-1980126424-519","PrincipalType":"Group","RightName":"GenericAll","IsInherited":true},{"PrincipalSID":"MYDOMAIN.LOCAL-S-1-5-32-544","PrincipalType":"Group","RightName":"WriteDacl","IsInherited":true},{"PrincipalSID":"MYDOMAIN.LOCAL-S-1-5-32-544","PrincipalType":"Group","RightName":"WriteOwner","IsInherited":true},{"PrincipalSID":"MYDOMAIN.LOCAL-S-1-5-32-544","PrincipalType":"Group","RightName":"GenericWrite","IsInherited":true}],"ObjectIdentifier":"S-1-5-21-2255227357-4171184251-1980126424-1002","IsDeleted":false,"IsACLProtected":false}],"meta":{"methods":29675,"type":"computers","count":1,"version":5}}