﻿{"data":[{"Properties":{"domain":"MYDOMAIN.LOCAL","name":"ADMINISTRATOR@MYDOMAIN.LOCAL","distinguishedname":"CN=ADMINISTRATOR,CN=USERS,DC=MYDOMAIN,DC=LOCAL","domainsid":"S-1-5-21-2255227357-4171184251-1980126424","highvalue":false,"samaccountname":"Administrator","description":"Built-in account for administering the computer/domain","whencreated":1674279329,"sensitive":false,"dontreqpreauth":false,"passwordnotreqd":false,"unconstraineddelegation":false,"pwdneverexpires":true,"enabled":true,"trustedtoauth":false,"lastlogon":1674314856,"lastlogontimestamp":1674308376,"pwdlastset":1673701189,"serviceprincipalnames":[],"hasspn":false,"displayname":null,"email":null,"title":null,"homedirectory":null,"userpassword":null,"unixpassword":null,"unicodepassword":null,"sfupassword":null,"logonscript":null,"admincount":true,"sidhistory":[]},"AllowedToDelegate":[],"PrimaryGroupSID":"S-1-5-21-2255227357-4171184251-1980126424-513","HasSIDHistory":[],"SPNTargets":[],"Aces":[{"PrincipalSID":"S-1-5-21-2255227357-4171184251-1980126424-512","PrincipalType":"Group","RightName":"Owns","IsInherited":false},{"PrincipalSID":"MYDOMAIN.LOCAL-S-1-5-32-544","PrincipalType":"Group","RightName":"WriteDacl","IsInherited":false},{"PrincipalSID":"MYDOMAIN.LOCAL-S-1-5-32-544","PrincipalType":"Group","RightName":"WriteOwner","IsInherited":false},{"PrincipalSID":"MYDOMAIN.LOCAL-S-1-5-32-544","PrincipalType":"Group","RightName":"AllExtendedRights","IsInherited":false},{"PrincipalSID":"MYDOMAIN.LOCAL-S-1-5-32-544","PrincipalType":"Group","RightName":"GenericWrite","IsInherited":false},{"PrincipalSID":"S-1-5-21-2255227357-4171184251-1980126424-512","PrincipalType":"Group","RightName":"WriteDacl","IsInherited":false},{"PrincipalSID":"S-1-5-21-2255227357-4171184251-1980126424-512","PrincipalType":"Group","RightName":"WriteOwner","IsInherited":false},{"PrincipalSID":"S-1-5-21-2255227357-4171184251-1980126424-512","PrincipalType":"Group","RightName":"AllExtendedRights","IsInherited":false},{"PrincipalSID":"S-1-5-21-2255227357-4171184251-1980126424-512","PrincipalType":"Group","RightName":"GenericWrite","IsInherited":false},{"PrincipalSID":"S-1-5-21-2255227357-4171184251-1980126424-519","PrincipalType":"Group","RightName":"WriteDacl","IsInherited":false},{"PrincipalSID":"S-1-5-21-2255227357-4171184251-1980126424-519","PrincipalType":"Group","RightName":"WriteOwner","IsInherited":false},{"PrincipalSID":"S-1-5-21-2255227357-4171184251-1980126424-519","PrincipalType":"Group","RightName":"AllExtendedRights","IsInherited":false},{"PrincipalSID":"S-1-5-21-2255227357-4171184251-1980126424-519","PrincipalType":"Group","RightName":"GenericWrite","IsInherited":false}],"ObjectIdentifier":"S-1-5-21-2255227357-4171184251-1980126424-500","IsDeleted":false,"IsACLProtected":true},{"Properties":{"domain":"MYDOMAIN.LOCAL","name":"GUEST@MYDOMAIN.LOCAL","distinguishedname":"CN=GUEST,CN=USERS,DC=MYDOMAIN,DC=LOCAL","domainsid":"S-1-5-21-2255227357-4171184251-1980126424","highvalue":false,"samaccountname":"Guest","description":"Built-in account for guest access to the computer/domain","whencreated":1674279329,"sensitive":false,"dontreqpreauth":false,"passwordnotreqd":true,"unconstraineddelegation":false,"pwdneverexpires":true,"enabled":false,"trustedtoauth":false,"lastlogon":0,"lastlogontimestamp":-1,"pwdlastset":0,"serviceprincipalnames":[],"hasspn":false,"displayname":null,"email":null,"title":null,"homedirectory":null,"userpassword":null,"unixpassword":null,"unicodepassword":null,"sfupassword":null,"logonscript":null,"admincount":false,"sidhistory":[]},"AllowedToDelegate":[],"PrimaryGroupSID":"S-1-5-21-2255227357-4171184251-1980126424-514","HasSIDHistory":[],"SPNTargets":[],"Aces":[{"PrincipalSID":"MYDOMAIN.LOCAL-S-1-5-32-544","PrincipalType":"Group","RightName":"Owns","IsInherited":false},{"PrincipalSID":"MYDOMAIN.LOCAL-S-1-5-32-548","PrincipalType":"Group","RightName":"GenericAll","IsInherited":false},{"PrincipalSID":"S-1-5-21-2255227357-4171184251-1980126424-512","PrincipalType":"Group","RightName":"GenericAll","IsInherited":false},{"PrincipalSID":"S-1-5-21-2255227357-4171184251-1980126424-526","PrincipalType":"Group","RightName":"AddKeyCredentialLink","IsInherited":true},{"PrincipalSID":"S-1-5-21-2255227357-4171184251-1980126424-527","PrincipalType":"Group","RightName":"AddKeyCredentialLink","IsInherited":true},{"PrincipalSID":"S-1-5-21-2255227357-4171184251-1980126424-519","PrincipalType":"Group","RightName":"GenericAll","IsInherited":true},{"PrincipalSID":"MYDOMAIN.LOCAL-S-1-5-32-544","PrincipalType":"Group","RightName":"WriteDacl","IsInherited":true},{"PrincipalSID":"MYDOMAIN.LOCAL-S-1-5-32-544","PrincipalType":"Group","RightName":"WriteOwner","IsInherited":true},{"PrincipalSID":"MYDOMAIN.LOCAL-S-1-5-32-544","PrincipalType":"Group","RightName":"AllExtendedRights","IsInherited":true},{"PrincipalSID":"MYDOMAIN.LOCAL-S-1-5-32-544","PrincipalType":"Group","RightName":"GenericWrite","IsInherited":true}],"ObjectIdentifier":"S-1-5-21-2255227357-4171184251-1980126424-501","IsDeleted":false,"IsACLProtected":false},{"Properties":{"domain":"MYDOMAIN.LOCAL","name":"USER1@MYDOMAIN.LOCAL","distinguishedname":"CN=USER1,CN=USERS,DC=MYDOMAIN,DC=LOCAL","domainsid":"S-1-5-21-2255227357-4171184251-1980126424","highvalue":false,"samaccountname":"user1","description":null,"whencreated":1674282346,"sensitive":false,"dontreqpreauth":false,"passwordnotreqd":false,"unconstraineddelegation":false,"pwdneverexpires":false,"enabled":true,"trustedtoauth":false,"lastlogon":1674314849,"lastlogontimestamp":1674314799,"pwdlastset":1674311146,"serviceprincipalnames":[],"hasspn":false,"displayname":"user1","email":null,"title":null,"homedirectory":null,"userpassword":null,"unixpassword":null,"unicodepassword":null,"sfupassword":null,"logonscript":null,"admincount":false,"sidhistory":[]},"AllowedToDelegate":[],"PrimaryGroupSID":"S-1-5-21-2255227357-4171184251-1980126424-513","HasSIDHistory":[],"SPNTargets":[],"Aces":[{"PrincipalSID":"S-1-5-21-2255227357-4171184251-1980126424-512","PrincipalType":"Group","RightName":"Owns","IsInherited":false},{"PrincipalSID":"MYDOMAIN.LOCAL-S-1-5-32-548","PrincipalType":"Group","RightName":"GenericAll","IsInherited":false},{"PrincipalSID":"S-1-5-21-2255227357-4171184251-1980126424-512","PrincipalType":"Group","RightName":"GenericAll","IsInherited":false},{"PrincipalSID":"S-1-5-21-2255227357-4171184251-1980126424-526","PrincipalType":"Group","RightName":"AddKeyCredentialLink","IsInherited":true},{"PrincipalSID":"S-1-5-21-2255227357-4171184251-1980126424-527","PrincipalType":"Group","RightName":"AddKeyCredentialLink","IsInherited":true},{"PrincipalSID":"S-1-5-21-2255227357-4171184251-1980126424-519","PrincipalType":"Group","RightName":"GenericAll","IsInherited":true},{"PrincipalSID":"MYDOMAIN.LOCAL-S-1-5-32-544","PrincipalType":"Group","RightName":"WriteDacl","IsInherited":true},{"PrincipalSID":"MYDOMAIN.LOCAL-S-1-5-32-544","PrincipalType":"Group","RightName":"WriteOwner","IsInherited":true},{"PrincipalSID":"MYDOMAIN.LOCAL-S-1-5-32-544","PrincipalType":"Group","RightName":"AllExtendedRights","IsInherited":true},{"PrincipalSID":"MYDOMAIN.LOCAL-S-1-5-32-544","PrincipalType":"Group","RightName":"GenericWrite","IsInherited":true}],"ObjectIdentifier":"S-1-5-21-2255227357-4171184251-1980126424-1105","IsDeleted":false,"IsACLProtected":false},{"Properties":{"domain":"MYDOMAIN.LOCAL","name":"KRBTGT@MYDOMAIN.LOCAL","distinguishedname":"CN=KRBTGT,CN=USERS,DC=MYDOMAIN,DC=LOCAL","domainsid":"S-1-5-21-2255227357-4171184251-1980126424","highvalue":false,"samaccountname":"krbtgt","description":"Key Distribution Center Service Account","whencreated":1674279395,"sensitive":false,"dontreqpreauth":false,"passwordnotreqd":false,"unconstraineddelegation":false,"pwdneverexpires":false,"enabled":false,"trustedtoauth":false,"lastlogon":0,"lastlogontimestamp":-1,"pwdlastset":1674308195,"serviceprincipalnames":["kadmin/changepw"],"hasspn":true,"displayname":null,"email":null,"title":null,"homedirectory":null,"userpassword":null,"unixpassword":null,"unicodepassword":null,"sfupassword":null,"logonscript":null,"admincount":true,"sidhistory":[]},"AllowedToDelegate":[],"PrimaryGroupSID":"S-1-5-21-2255227357-4171184251-1980126424-513","HasSIDHistory":[],"SPNTargets":[],"Aces":[{"PrincipalSID":"S-1-5-21-2255227357-4171184251-1980126424-512","PrincipalType":"Group","RightName":"Owns","IsInherited":false},{"PrincipalSID":"MYDOMAIN.LOCAL-S-1-5-32-544","PrincipalType":"Group","RightName":"WriteDacl","IsInherited":false},{"PrincipalSID":"MYDOMAIN.LOCAL-S-1-5-32-544","PrincipalType":"Group","RightName":"WriteOwner","IsInherited":false},{"PrincipalSID":"MYDOMAIN.LOCAL-S-1-5-32-544","PrincipalType":"Group","RightName":"AllExtendedRights","IsInherited":false},{"PrincipalSID":"MYDOMAIN.LOCAL-S-1-5-32-544","PrincipalType":"Group","RightName":"GenericWrite","IsInherited":false},{"PrincipalSID":"S-1-5-21-2255227357-4171184251-1980126424-512","PrincipalType":"Group","RightName":"WriteDacl","IsInherited":false},{"PrincipalSID":"S-1-5-21-2255227357-4171184251-1980126424-512","PrincipalType":"Group","RightName":"WriteOwner","IsInherited":false},{"PrincipalSID":"S-1-5-21-2255227357-4171184251-1980126424-512","PrincipalType":"Group","RightName":"AllExtendedRights","IsInherited":false},{"PrincipalSID":"S-1-5-21-2255227357-4171184251-1980126424-512","PrincipalType":"Group","RightName":"GenericWrite","IsInherited":false},{"PrincipalSID":"S-1-5-21-2255227357-4171184251-1980126424-519","PrincipalType":"Group","RightName":"WriteDacl","IsInherited":false},{"PrincipalSID":"S-1-5-21-2255227357-4171184251-1980126424-519","PrincipalType":"Group","RightName":"WriteOwner","IsInherited":false},{"PrincipalSID":"S-1-5-21-2255227357-4171184251-1980126424-519","PrincipalType":"Group","RightName":"AllExtendedRights","IsInherited":false},{"PrincipalSID":"S-1-5-21-2255227357-4171184251-1980126424-519","PrincipalType":"Group","RightName":"GenericWrite","IsInherited":false}],"ObjectIdentifier":"S-1-5-21-2255227357-4171184251-1980126424-502","IsDeleted":false,"IsACLProtected":true},{"Properties":{"domain":"MYDOMAIN.LOCAL","name":"USER2@MYDOMAIN.LOCAL","distinguishedname":"CN=USER2,CN=USERS,DC=MYDOMAIN,DC=LOCAL","domainsid":"S-1-5-21-2255227357-4171184251-1980126424","highvalue":false,"samaccountname":"user2","description":null,"whencreated":1674282372,"sensitive":false,"dontreqpreauth":false,"passwordnotreqd":false,"unconstraineddelegation":false,"pwdneverexpires":false,"enabled":true,"trustedtoauth":false,"lastlogon":0,"lastlogontimestamp":-1,"pwdlastset":1674311172,"serviceprincipalnames":[],"hasspn":false,"displayname":"user2","email":null,"title":null,"homedirectory":null,"userpassword":null,"unixpassword":null,"unicodepassword":null,"sfupassword":null,"logonscript":null,"admincount":false,"sidhistory":[]},"AllowedToDelegate":[],"PrimaryGroupSID":"S-1-5-21-2255227357-4171184251-1980126424-513","HasSIDHistory":[],"SPNTargets":[],"Aces":[{"PrincipalSID":"S-1-5-21-2255227357-4171184251-1980126424-512","PrincipalType":"Group","RightName":"Owns","IsInherited":false},{"PrincipalSID":"MYDOMAIN.LOCAL-S-1-5-32-548","PrincipalType":"Group","RightName":"GenericAll","IsInherited":false},{"PrincipalSID":"S-1-5-21-2255227357-4171184251-1980126424-512","PrincipalType":"Group","RightName":"GenericAll","IsInherited":false},{"PrincipalSID":"S-1-5-21-2255227357-4171184251-1980126424-526","PrincipalType":"Group","RightName":"AddKeyCredentialLink","IsInherited":true},{"PrincipalSID":"S-1-5-21-2255227357-4171184251-1980126424-527","PrincipalType":"Group","RightName":"AddKeyCredentialLink","IsInherited":true},{"PrincipalSID":"S-1-5-21-2255227357-4171184251-1980126424-519","PrincipalType":"Group","RightName":"GenericAll","IsInherited":true},{"PrincipalSID":"MYDOMAIN.LOCAL-S-1-5-32-544","PrincipalType":"Group","RightName":"WriteDacl","IsInherited":true},{"PrincipalSID":"MYDOMAIN.LOCAL-S-1-5-32-544","PrincipalType":"Group","RightName":"WriteOwner","IsInherited":true},{"PrincipalSID":"MYDOMAIN.LOCAL-S-1-5-32-544","PrincipalType":"Group","RightName":"AllExtendedRights","IsInherited":true},{"PrincipalSID":"MYDOMAIN.LOCAL-S-1-5-32-544","PrincipalType":"Group","RightName":"GenericWrite","IsInherited":true}],"ObjectIdentifier":"S-1-5-21-2255227357-4171184251-1980126424-1106","IsDeleted":false,"IsACLProtected":false},{"Properties":{"name":"NT AUTHORITY@MYDOMAIN.LOCAL","domainsid":"S-1-5-21-2255227357-4171184251-1980126424","domain":"MYDOMAIN.LOCAL"},"AllowedToDelegate":[],"PrimaryGroupSID":null,"HasSIDHistory":[],"SPNTargets":[],"Aces":[],"ObjectIdentifier":"MYDOMAIN.LOCAL-S-1-5-20","IsDeleted":false,"IsACLProtected":false}],"meta":{"methods":29675,"type":"users","count":6,"version":5}}