﻿{"data":[{"Properties":{"domain":"MYDOMAIN.LOCAL","name":"DEFAULT DOMAIN POLICY@MYDOMAIN.LOCAL","distinguishedname":"CN={31B2F340-016D-11D2-945F-00C04FB984F9},CN=POLICIES,CN=SYSTEM,DC=MYDOMAIN,DC=LOCAL","domainsid":"S-1-5-21-2255227357-4171184251-1980126424","highvalue":false,"description":null,"whencreated":1674279328,"gpcpath":"\\\\MYDOMAIN.LOCAL\\SYSVOL\\MYDOMAIN.LOCAL\\POLICIES\\{31B2F340-016D-11D2-945F-00C04FB984F9}"},"Aces":[{"PrincipalSID":"S-1-5-21-2255227357-4171184251-1980126424-512","PrincipalType":"Group","RightName":"Owns","IsInherited":false},{"PrincipalSID":"S-1-5-21-2255227357-4171184251-1980126424-512","PrincipalType":"Group","RightName":"WriteDacl","IsInherited":false},{"PrincipalSID":"S-1-5-21-2255227357-4171184251-1980126424-512","PrincipalType":"Group","RightName":"WriteOwner","IsInherited":false},{"PrincipalSID":"S-1-5-21-2255227357-4171184251-1980126424-512","PrincipalType":"Group","RightName":"GenericWrite","IsInherited":false},{"PrincipalSID":"S-1-5-21-2255227357-4171184251-1980126424-512","PrincipalType":"Group","RightName":"WriteDacl","IsInherited":false},{"PrincipalSID":"S-1-5-21-2255227357-4171184251-1980126424-512","PrincipalType":"Group","RightName":"WriteOwner","IsInherited":false},{"PrincipalSID":"S-1-5-21-2255227357-4171184251-1980126424-512","PrincipalType":"Group","RightName":"GenericWrite","IsInherited":false},{"PrincipalSID":"S-1-5-21-2255227357-4171184251-1980126424-519","PrincipalType":"Group","RightName":"WriteDacl","IsInherited":false},{"PrincipalSID":"S-1-5-21-2255227357-4171184251-1980126424-519","PrincipalType":"Group","RightName":"WriteOwner","IsInherited":false},{"PrincipalSID":"S-1-5-21-2255227357-4171184251-1980126424-519","PrincipalType":"Group","RightName":"GenericWrite","IsInherited":false}],"ObjectIdentifier":"6204D6E4-805A-444C-9C46-4FB182531BC8","IsDeleted":false,"IsACLProtected":true},{"Properties":{"domain":"MYDOMAIN.LOCAL","name":"DEFAULT DOMAIN CONTROLLERS POLICY@MYDOMAIN.LOCAL","distinguishedname":"CN={6AC1786C-016F-11D2-945F-00C04FB984F9},CN=POLICIES,CN=SYSTEM,DC=MYDOMAIN,DC=LOCAL","domainsid":"S-1-5-21-2255227357-4171184251-1980126424","highvalue":false,"description":null,"whencreated":1674279328,"gpcpath":"\\\\MYDOMAIN.LOCAL\\SYSVOL\\MYDOMAIN.LOCAL\\POLICIES\\{6AC1786C-016F-11D2-945F-00C04FB984F9}"},"Aces":[{"PrincipalSID":"S-1-5-21-2255227357-4171184251-1980126424-512","PrincipalType":"Group","RightName":"Owns","IsInherited":false},{"PrincipalSID":"S-1-5-21-2255227357-4171184251-1980126424-512","PrincipalType":"Group","RightName":"WriteDacl","IsInherited":false},{"PrincipalSID":"S-1-5-21-2255227357-4171184251-1980126424-512","PrincipalType":"Group","RightName":"WriteOwner","IsInherited":false},{"PrincipalSID":"S-1-5-21-2255227357-4171184251-1980126424-512","PrincipalType":"Group","RightName":"GenericWrite","IsInherited":false},{"PrincipalSID":"S-1-5-21-2255227357-4171184251-1980126424-512","PrincipalType":"Group","RightName":"WriteDacl","IsInherited":false},{"PrincipalSID":"S-1-5-21-2255227357-4171184251-1980126424-512","PrincipalType":"Group","RightName":"WriteOwner","IsInherited":false},{"PrincipalSID":"S-1-5-21-2255227357-4171184251-1980126424-512","PrincipalType":"Group","RightName":"GenericWrite","IsInherited":false},{"PrincipalSID":"S-1-5-21-2255227357-4171184251-1980126424-519","PrincipalType":"Group","RightName":"WriteDacl","IsInherited":false},{"PrincipalSID":"S-1-5-21-2255227357-4171184251-1980126424-519","PrincipalType":"Group","RightName":"WriteOwner","IsInherited":false},{"PrincipalSID":"S-1-5-21-2255227357-4171184251-1980126424-519","PrincipalType":"Group","RightName":"GenericWrite","IsInherited":false}],"ObjectIdentifier":"E1DBFC84-CD47-4BA9-B8C1-839E1A18F13A","IsDeleted":false,"IsACLProtected":true}],"meta":{"methods":29675,"type":"gpos","count":2,"version":5}}