﻿{"data":[{"GPOChanges":{"LocalAdmins":[],"RemoteDesktopUsers":[],"DcomUsers":[],"PSRemoteUsers":[],"AffectedComputers":[]},"Properties":{"domain":"MYDOMAIN.LOCAL","name":"MYDOMAIN.LOCAL","distinguishedname":"DC=MYDOMAIN,DC=LOCAL","domainsid":"S-1-5-21-2255227357-4171184251-1980126424","highvalue":true,"description":null,"whencreated":1674279320,"functionallevel":"2016"},"ChildObjects":[{"ObjectIdentifier":"7DECCF6D-3C96-49B5-9157-4B0B8A828C5A","ObjectType":"Container"},{"ObjectIdentifier":"F386072A-9CB9-4B1A-B3AD-C5970FBE5FEA","ObjectType":"OU"},{"ObjectIdentifier":"2F248DC7-89CE-4FE0-BDD7-B923D0AAFB86","ObjectType":"Container"},{"ObjectIdentifier":"ABA5CB48-2CCB-4F85-82DF-37DB0799E461","ObjectType":"Container"},{"ObjectIdentifier":"D6921DF5-32EF-4C11-AD56-1A3D11A32B6E","ObjectType":"Container"},{"ObjectIdentifier":"B91FD702-ADA3-436F-93B7-9924126C8CF6","ObjectType":"Container"}],"Trusts":[],"Links":[{"IsEnforced":false,"GUID":"6204D6E4-805A-444C-9C46-4FB182531BC8"}],"Aces":[{"PrincipalSID":"MYDOMAIN.LOCAL-S-1-5-32-544","PrincipalType":"Group","RightName":"Owns","IsInherited":false},{"PrincipalSID":"MYDOMAIN.LOCAL-S-1-5-32-544","PrincipalType":"Group","RightName":"WriteDacl","IsInherited":false},{"PrincipalSID":"MYDOMAIN.LOCAL-S-1-5-32-544","PrincipalType":"Group","RightName":"WriteOwner","IsInherited":false},{"PrincipalSID":"MYDOMAIN.LOCAL-S-1-5-32-544","PrincipalType":"Group","RightName":"AllExtendedRights","IsInherited":false},{"PrincipalSID":"S-1-5-21-2255227357-4171184251-1980126424-512","PrincipalType":"Group","RightName":"WriteDacl","IsInherited":false},{"PrincipalSID":"S-1-5-21-2255227357-4171184251-1980126424-512","PrincipalType":"Group","RightName":"WriteOwner","IsInherited":false},{"PrincipalSID":"S-1-5-21-2255227357-4171184251-1980126424-512","PrincipalType":"Group","RightName":"AllExtendedRights","IsInherited":false},{"PrincipalSID":"S-1-5-21-2255227357-4171184251-1980126424-519","PrincipalType":"Group","RightName":"GenericAll","IsInherited":false},{"PrincipalSID":"MYDOMAIN.LOCAL-S-1-5-9","PrincipalType":"Group","RightName":"GetChanges","IsInherited":false},{"PrincipalSID":"MYDOMAIN.LOCAL-S-1-5-9","PrincipalType":"Group","RightName":"GetChangesInFilteredSet","IsInherited":false},{"PrincipalSID":"MYDOMAIN.LOCAL-S-1-5-32-544","PrincipalType":"Group","RightName":"GetChangesAll","IsInherited":false},{"PrincipalSID":"MYDOMAIN.LOCAL-S-1-5-32-544","PrincipalType":"Group","RightName":"GetChanges","IsInherited":false},{"PrincipalSID":"MYDOMAIN.LOCAL-S-1-5-32-544","PrincipalType":"Group","RightName":"GetChangesInFilteredSet","IsInherited":false},{"PrincipalSID":"S-1-5-21-2255227357-4171184251-1980126424-498","PrincipalType":"Group","RightName":"GetChanges","IsInherited":false},{"PrincipalSID":"S-1-5-21-2255227357-4171184251-1980126424-516","PrincipalType":"Group","RightName":"GetChangesAll","IsInherited":false}],"ObjectIdentifier":"S-1-5-21-2255227357-4171184251-1980126424","IsDeleted":false,"IsACLProtected":false}],"meta":{"methods":29675,"type":"domains","count":1,"version":5}}