﻿{"data":[{"Properties":{"domain":"MYDOMAIN.LOCAL","name":"COMPARTITIONS@MYDOMAIN.LOCAL","distinguishedname":"CN=COMPARTITIONS,CN=SYSTEM,DC=MYDOMAIN,DC=LOCAL","domainsid":"S-1-5-21-2255227357-4171184251-1980126424","highvalue":false},"ChildObjects":[],"Aces":[{"PrincipalSID":"S-1-5-21-2255227357-4171184251-1980126424-512","PrincipalType":"Group","RightName":"Owns","IsInherited":false},{"PrincipalSID":"S-1-5-21-2255227357-4171184251-1980126424-512","PrincipalType":"Group","RightName":"WriteDacl","IsInherited":false},{"PrincipalSID":"S-1-5-21-2255227357-4171184251-1980126424-512","PrincipalType":"Group","RightName":"WriteOwner","IsInherited":false},{"PrincipalSID":"S-1-5-21-2255227357-4171184251-1980126424-519","PrincipalType":"Group","RightName":"GenericAll","IsInherited":true},{"PrincipalSID":"MYDOMAIN.LOCAL-S-1-5-32-544","PrincipalType":"Group","RightName":"WriteDacl","IsInherited":true},{"PrincipalSID":"MYDOMAIN.LOCAL-S-1-5-32-544","PrincipalType":"Group","RightName":"WriteOwner","IsInherited":true}],"ObjectIdentifier":"D1DFDD15-9FEC-4EDF-8C29-057024A00961","IsDeleted":false,"IsACLProtected":false},{"Properties":{"domain":"MYDOMAIN.LOCAL","name":"FOREIGNSECURITYPRINCIPALS@MYDOMAIN.LOCAL","distinguishedname":"CN=FOREIGNSECURITYPRINCIPALS,DC=MYDOMAIN,DC=LOCAL","domainsid":"S-1-5-21-2255227357-4171184251-1980126424","highvalue":false},"ChildObjects":[],"Aces":[{"PrincipalSID":"S-1-5-21-2255227357-4171184251-1980126424-512","PrincipalType":"Group","RightName":"Owns","IsInherited":false},{"PrincipalSID":"S-1-5-21-2255227357-4171184251-1980126424-512","PrincipalType":"Group","RightName":"GenericAll","IsInherited":false},{"PrincipalSID":"S-1-5-21-2255227357-4171184251-1980126424-519","PrincipalType":"Group","RightName":"GenericAll","IsInherited":true},{"PrincipalSID":"MYDOMAIN.LOCAL-S-1-5-32-544","PrincipalType":"Group","RightName":"WriteDacl","IsInherited":true},{"PrincipalSID":"MYDOMAIN.LOCAL-S-1-5-32-544","PrincipalType":"Group","RightName":"WriteOwner","IsInherited":true}],"ObjectIdentifier":"2F248DC7-89CE-4FE0-BDD7-B923D0AAFB86","IsDeleted":false,"IsACLProtected":false},{"Properties":{"domain":"MYDOMAIN.LOCAL","name":"SYSTEM@MYDOMAIN.LOCAL","distinguishedname":"CN=SYSTEM,DC=MYDOMAIN,DC=LOCAL","domainsid":"S-1-5-21-2255227357-4171184251-1980126424","highvalue":false},"ChildObjects":[],"Aces":[{"PrincipalSID":"S-1-5-21-2255227357-4171184251-1980126424-512","PrincipalType":"Group","RightName":"Owns","IsInherited":false},{"PrincipalSID":"S-1-5-21-2255227357-4171184251-1980126424-512","PrincipalType":"Group","RightName":"WriteDacl","IsInherited":false},{"PrincipalSID":"S-1-5-21-2255227357-4171184251-1980126424-512","PrincipalType":"Group","RightName":"WriteOwner","IsInherited":false},{"PrincipalSID":"S-1-5-21-2255227357-4171184251-1980126424-519","PrincipalType":"Group","RightName":"GenericAll","IsInherited":true},{"PrincipalSID":"MYDOMAIN.LOCAL-S-1-5-32-544","PrincipalType":"Group","RightName":"WriteDacl","IsInherited":true},{"PrincipalSID":"MYDOMAIN.LOCAL-S-1-5-32-544","PrincipalType":"Group","RightName":"WriteOwner","IsInherited":true}],"ObjectIdentifier":"65187A53-209F-4461-A9E6-DDAC63D5C8B3","IsDeleted":false,"IsACLProtected":false},{"Properties":{"domain":"MYDOMAIN.LOCAL","name":"USERS@MYDOMAIN.LOCAL","distinguishedname":"CN=USERS,DC=MYDOMAIN,DC=LOCAL","domainsid":"S-1-5-21-2255227357-4171184251-1980126424","highvalue":false},"ChildObjects":[{"ObjectIdentifier":"S-1-5-21-2255227357-4171184251-1980126424-500","ObjectType":"User"},{"ObjectIdentifier":"S-1-5-21-2255227357-4171184251-1980126424-571","ObjectType":"Group"},{"ObjectIdentifier":"S-1-5-21-2255227357-4171184251-1980126424-517","ObjectType":"Group"},{"ObjectIdentifier":"S-1-5-21-2255227357-4171184251-1980126424-522","ObjectType":"Group"},{"ObjectIdentifier":"S-1-5-21-2255227357-4171184251-1980126424-572","ObjectType":"Group"},{"ObjectIdentifier":"S-1-5-21-2255227357-4171184251-1980126424-1001","ObjectType":"Group"},{"ObjectIdentifier":"S-1-5-21-2255227357-4171184251-1980126424-1000","ObjectType":"Group"},{"ObjectIdentifier":"S-1-5-21-2255227357-4171184251-1980126424-1103","ObjectType":"Group"},{"ObjectIdentifier":"S-1-5-21-2255227357-4171184251-1980126424-1104","ObjectType":"Group"},{"ObjectIdentifier":"S-1-5-21-2255227357-4171184251-1980126424-512","ObjectType":"Group"},{"ObjectIdentifier":"S-1-5-21-2255227357-4171184251-1980126424-515","ObjectType":"Group"},{"ObjectIdentifier":"S-1-5-21-2255227357-4171184251-1980126424-516","ObjectType":"Group"},{"ObjectIdentifier":"S-1-5-21-2255227357-4171184251-1980126424-514","ObjectType":"Group"},{"ObjectIdentifier":"S-1-5-21-2255227357-4171184251-1980126424-513","ObjectType":"Group"},{"ObjectIdentifier":"S-1-5-21-2255227357-4171184251-1980126424-519","ObjectType":"Group"},{"ObjectIdentifier":"S-1-5-21-2255227357-4171184251-1980126424-527","ObjectType":"Group"},{"ObjectIdentifier":"S-1-5-21-2255227357-4171184251-1980126424-498","ObjectType":"Group"},{"ObjectIdentifier":"S-1-5-21-2255227357-4171184251-1980126424-520","ObjectType":"Group"},{"ObjectIdentifier":"S-1-5-21-2255227357-4171184251-1980126424-501","ObjectType":"User"},{"ObjectIdentifier":"S-1-5-21-2255227357-4171184251-1980126424-526","ObjectType":"Group"},{"ObjectIdentifier":"S-1-5-21-2255227357-4171184251-1980126424-502","ObjectType":"User"},{"ObjectIdentifier":"S-1-5-21-2255227357-4171184251-1980126424-525","ObjectType":"Group"},{"ObjectIdentifier":"S-1-5-21-2255227357-4171184251-1980126424-553","ObjectType":"Group"},{"ObjectIdentifier":"S-1-5-21-2255227357-4171184251-1980126424-521","ObjectType":"Group"},{"ObjectIdentifier":"S-1-5-21-2255227357-4171184251-1980126424-518","ObjectType":"Group"},{"ObjectIdentifier":"S-1-5-21-2255227357-4171184251-1980126424-1105","ObjectType":"User"},{"ObjectIdentifier":"S-1-5-21-2255227357-4171184251-1980126424-1106","ObjectType":"User"}],"Aces":[{"PrincipalSID":"S-1-5-21-2255227357-4171184251-1980126424-512","PrincipalType":"Group","RightName":"Owns","IsInherited":false},{"PrincipalSID":"S-1-5-21-2255227357-4171184251-1980126424-512","PrincipalType":"Group","RightName":"WriteDacl","IsInherited":false},{"PrincipalSID":"S-1-5-21-2255227357-4171184251-1980126424-512","PrincipalType":"Group","RightName":"WriteOwner","IsInherited":false},{"PrincipalSID":"S-1-5-21-2255227357-4171184251-1980126424-519","PrincipalType":"Group","RightName":"GenericAll","IsInherited":true},{"PrincipalSID":"MYDOMAIN.LOCAL-S-1-5-32-544","PrincipalType":"Group","RightName":"WriteDacl","IsInherited":true},{"PrincipalSID":"MYDOMAIN.LOCAL-S-1-5-32-544","PrincipalType":"Group","RightName":"WriteOwner","IsInherited":true}],"ObjectIdentifier":"B91FD702-ADA3-436F-93B7-9924126C8CF6","IsDeleted":false,"IsACLProtected":false},{"Properties":{"domain":"MYDOMAIN.LOCAL","name":"RAS AND IAS SERVERS ACCESS CHECK@MYDOMAIN.LOCAL","distinguishedname":"CN=RAS AND IAS SERVERS ACCESS CHECK,CN=SYSTEM,DC=MYDOMAIN,DC=LOCAL","domainsid":"S-1-5-21-2255227357-4171184251-1980126424","highvalue":false},"ChildObjects":[],"Aces":[{"PrincipalSID":"S-1-5-21-2255227357-4171184251-1980126424-512","PrincipalType":"Group","RightName":"Owns","IsInherited":false},{"PrincipalSID":"S-1-5-21-2255227357-4171184251-1980126424-553","PrincipalType":"Group","RightName":"WriteDacl","IsInherited":false},{"PrincipalSID":"S-1-5-21-2255227357-4171184251-1980126424-553","PrincipalType":"Group","RightName":"WriteOwner","IsInherited":false},{"PrincipalSID":"S-1-5-21-2255227357-4171184251-1980126424-519","PrincipalType":"Group","RightName":"GenericAll","IsInherited":true},{"PrincipalSID":"MYDOMAIN.LOCAL-S-1-5-32-544","PrincipalType":"Group","RightName":"WriteDacl","IsInherited":true},{"PrincipalSID":"MYDOMAIN.LOCAL-S-1-5-32-544","PrincipalType":"Group","RightName":"WriteOwner","IsInherited":true}],"ObjectIdentifier":"011F8776-B8CD-4A06-B9B8-07417C438C37","IsDeleted":false,"IsACLProtected":false},{"Properties":{"domain":"MYDOMAIN.LOCAL","name":"COMPUTERS@MYDOMAIN.LOCAL","distinguishedname":"CN=COMPUTERS,DC=MYDOMAIN,DC=LOCAL","domainsid":"S-1-5-21-2255227357-4171184251-1980126424","highvalue":false},"ChildObjects":[],"Aces":[{"PrincipalSID":"S-1-5-21-2255227357-4171184251-1980126424-512","PrincipalType":"Group","RightName":"Owns","IsInherited":false},{"PrincipalSID":"S-1-5-21-2255227357-4171184251-1980126424-512","PrincipalType":"Group","RightName":"WriteDacl","IsInherited":false},{"PrincipalSID":"S-1-5-21-2255227357-4171184251-1980126424-512","PrincipalType":"Group","RightName":"WriteOwner","IsInherited":false},{"PrincipalSID":"S-1-5-21-2255227357-4171184251-1980126424-519","PrincipalType":"Group","RightName":"GenericAll","IsInherited":true},{"PrincipalSID":"MYDOMAIN.LOCAL-S-1-5-32-544","PrincipalType":"Group","RightName":"WriteDacl","IsInherited":true},{"PrincipalSID":"MYDOMAIN.LOCAL-S-1-5-32-544","PrincipalType":"Group","RightName":"WriteOwner","IsInherited":true}],"ObjectIdentifier":"7DECCF6D-3C96-49B5-9157-4B0B8A828C5A","IsDeleted":false,"IsACLProtected":false},{"Properties":{"domain":"MYDOMAIN.LOCAL","name":"COMPARTITIONSETS@MYDOMAIN.LOCAL","distinguishedname":"CN=COMPARTITIONSETS,CN=SYSTEM,DC=MYDOMAIN,DC=LOCAL","domainsid":"S-1-5-21-2255227357-4171184251-1980126424","highvalue":false},"ChildObjects":[],"Aces":[{"PrincipalSID":"S-1-5-21-2255227357-4171184251-1980126424-512","PrincipalType":"Group","RightName":"Owns","IsInherited":false},{"PrincipalSID":"S-1-5-21-2255227357-4171184251-1980126424-512","PrincipalType":"Group","RightName":"WriteDacl","IsInherited":false},{"PrincipalSID":"S-1-5-21-2255227357-4171184251-1980126424-512","PrincipalType":"Group","RightName":"WriteOwner","IsInherited":false},{"PrincipalSID":"S-1-5-21-2255227357-4171184251-1980126424-519","PrincipalType":"Group","RightName":"GenericAll","IsInherited":true},{"PrincipalSID":"MYDOMAIN.LOCAL-S-1-5-32-544","PrincipalType":"Group","RightName":"WriteDacl","IsInherited":true},{"PrincipalSID":"MYDOMAIN.LOCAL-S-1-5-32-544","PrincipalType":"Group","RightName":"WriteOwner","IsInherited":true}],"ObjectIdentifier":"62CA6A9E-4FB5-4EF0-A39B-E0A2CE311A6B","IsDeleted":false,"IsACLProtected":false},{"Properties":{"domain":"MYDOMAIN.LOCAL","name":"KEYS@MYDOMAIN.LOCAL","distinguishedname":"CN=KEYS,DC=MYDOMAIN,DC=LOCAL","domainsid":"S-1-5-21-2255227357-4171184251-1980126424","highvalue":false},"ChildObjects":[],"Aces":[{"PrincipalSID":"S-1-5-21-2255227357-4171184251-1980126424-512","PrincipalType":"Group","RightName":"Owns","IsInherited":false},{"PrincipalSID":"MYDOMAIN.LOCAL-S-1-5-9","PrincipalType":"Group","RightName":"GenericAll","IsInherited":false},{"PrincipalSID":"S-1-5-21-2255227357-4171184251-1980126424-512","PrincipalType":"Group","RightName":"GenericAll","IsInherited":false},{"PrincipalSID":"S-1-5-21-2255227357-4171184251-1980126424-516","PrincipalType":"Group","RightName":"GenericAll","IsInherited":false},{"PrincipalSID":"S-1-5-21-2255227357-4171184251-1980126424-519","PrincipalType":"Group","RightName":"GenericAll","IsInherited":false},{"PrincipalSID":"S-1-5-21-2255227357-4171184251-1980126424-526","PrincipalType":"Group","RightName":"GenericAll","IsInherited":false},{"PrincipalSID":"S-1-5-21-2255227357-4171184251-1980126424-527","PrincipalType":"Group","RightName":"GenericAll","IsInherited":false}],"ObjectIdentifier":"ABA5CB48-2CCB-4F85-82DF-37DB0799E461","IsDeleted":false,"IsACLProtected":true},{"Properties":{"domain":"MYDOMAIN.LOCAL","name":"WMIPOLICY@MYDOMAIN.LOCAL","distinguishedname":"CN=WMIPOLICY,CN=SYSTEM,DC=MYDOMAIN,DC=LOCAL","domainsid":"S-1-5-21-2255227357-4171184251-1980126424","highvalue":false},"ChildObjects":[],"Aces":[{"PrincipalSID":"S-1-5-21-2255227357-4171184251-1980126424-512","PrincipalType":"Group","RightName":"Owns","IsInherited":false},{"PrincipalSID":"S-1-5-21-2255227357-4171184251-1980126424-512","PrincipalType":"Group","RightName":"GenericAll","IsInherited":false},{"PrincipalSID":"S-1-5-21-2255227357-4171184251-1980126424-519","PrincipalType":"Group","RightName":"GenericAll","IsInherited":false}],"ObjectIdentifier":"C2A61563-2CB8-44A4-AEAA-2482331E1E7D","IsDeleted":false,"IsACLProtected":true},{"Properties":{"domain":"MYDOMAIN.LOCAL","name":"RPCSERVICES@MYDOMAIN.LOCAL","distinguishedname":"CN=RPCSERVICES,CN=SYSTEM,DC=MYDOMAIN,DC=LOCAL","domainsid":"S-1-5-21-2255227357-4171184251-1980126424","highvalue":false},"ChildObjects":[],"Aces":[{"PrincipalSID":"S-1-5-21-2255227357-4171184251-1980126424-512","PrincipalType":"Group","RightName":"Owns","IsInherited":false},{"PrincipalSID":"S-1-5-21-2255227357-4171184251-1980126424-512","PrincipalType":"Group","RightName":"WriteDacl","IsInherited":false},{"PrincipalSID":"S-1-5-21-2255227357-4171184251-1980126424-512","PrincipalType":"Group","RightName":"WriteOwner","IsInherited":false},{"PrincipalSID":"S-1-5-21-2255227357-4171184251-1980126424-519","PrincipalType":"Group","RightName":"GenericAll","IsInherited":true},{"PrincipalSID":"MYDOMAIN.LOCAL-S-1-5-32-544","PrincipalType":"Group","RightName":"WriteDacl","IsInherited":true},{"PrincipalSID":"MYDOMAIN.LOCAL-S-1-5-32-544","PrincipalType":"Group","RightName":"WriteOwner","IsInherited":true}],"ObjectIdentifier":"9FED8E95-D9C7-40DE-ADF4-2784DBF599B2","IsDeleted":false,"IsACLProtected":false},{"Properties":{"domain":"MYDOMAIN.LOCAL","name":"POLICYTEMPLATE@MYDOMAIN.LOCAL","distinguishedname":"CN=POLICYTEMPLATE,CN=WMIPOLICY,CN=SYSTEM,DC=MYDOMAIN,DC=LOCAL","domainsid":"S-1-5-21-2255227357-4171184251-1980126424","highvalue":false},"ChildObjects":[],"Aces":[{"PrincipalSID":"S-1-5-21-2255227357-4171184251-1980126424-512","PrincipalType":"Group","RightName":"Owns","IsInherited":false},{"PrincipalSID":"S-1-5-21-2255227357-4171184251-1980126424-512","PrincipalType":"Group","RightName":"WriteDacl","IsInherited":false},{"PrincipalSID":"S-1-5-21-2255227357-4171184251-1980126424-512","PrincipalType":"Group","RightName":"WriteOwner","IsInherited":false},{"PrincipalSID":"S-1-5-21-2255227357-4171184251-1980126424-519","PrincipalType":"Group","RightName":"GenericAll","IsInherited":true},{"PrincipalSID":"S-1-5-21-2255227357-4171184251-1980126424-512","PrincipalType":"Group","RightName":"GenericAll","IsInherited":true}],"ObjectIdentifier":"948D52DA-AC82-4ACF-A42D-D305525CB5AD","IsDeleted":false,"IsACLProtected":false},{"Properties":{"domain":"MYDOMAIN.LOCAL","name":"SOM@MYDOMAIN.LOCAL","distinguishedname":"CN=SOM,CN=WMIPOLICY,CN=SYSTEM,DC=MYDOMAIN,DC=LOCAL","domainsid":"S-1-5-21-2255227357-4171184251-1980126424","highvalue":false},"ChildObjects":[],"Aces":[{"PrincipalSID":"S-1-5-21-2255227357-4171184251-1980126424-512","PrincipalType":"Group","RightName":"Owns","IsInherited":false},{"PrincipalSID":"S-1-5-21-2255227357-4171184251-1980126424-512","PrincipalType":"Group","RightName":"GenericAll","IsInherited":false},{"PrincipalSID":"S-1-5-21-2255227357-4171184251-1980126424-519","PrincipalType":"Group","RightName":"GenericAll","IsInherited":false}],"ObjectIdentifier":"EBF0D8AE-DA30-4DA1-871A-5E725CCBA388","IsDeleted":false,"IsACLProtected":true},{"Properties":{"domain":"MYDOMAIN.LOCAL","name":"POLICYTYPE@MYDOMAIN.LOCAL","distinguishedname":"CN=POLICYTYPE,CN=WMIPOLICY,CN=SYSTEM,DC=MYDOMAIN,DC=LOCAL","domainsid":"S-1-5-21-2255227357-4171184251-1980126424","highvalue":false},"ChildObjects":[],"Aces":[{"PrincipalSID":"S-1-5-21-2255227357-4171184251-1980126424-512","PrincipalType":"Group","RightName":"Owns","IsInherited":false},{"PrincipalSID":"S-1-5-21-2255227357-4171184251-1980126424-512","PrincipalType":"Group","RightName":"WriteDacl","IsInherited":false},{"PrincipalSID":"S-1-5-21-2255227357-4171184251-1980126424-512","PrincipalType":"Group","RightName":"WriteOwner","IsInherited":false},{"PrincipalSID":"S-1-5-21-2255227357-4171184251-1980126424-519","PrincipalType":"Group","RightName":"GenericAll","IsInherited":true},{"PrincipalSID":"S-1-5-21-2255227357-4171184251-1980126424-512","PrincipalType":"Group","RightName":"GenericAll","IsInherited":true}],"ObjectIdentifier":"DDC3140B-8203-414F-B5ED-D4DEE95B11FD","IsDeleted":false,"IsACLProtected":false},{"Properties":{"domain":"MYDOMAIN.LOCAL","name":"POLICIES@MYDOMAIN.LOCAL","distinguishedname":"CN=POLICIES,CN=SYSTEM,DC=MYDOMAIN,DC=LOCAL","domainsid":"S-1-5-21-2255227357-4171184251-1980126424","highvalue":false},"ChildObjects":[],"Aces":[{"PrincipalSID":"S-1-5-21-2255227357-4171184251-1980126424-512","PrincipalType":"Group","RightName":"Owns","IsInherited":false},{"PrincipalSID":"S-1-5-21-2255227357-4171184251-1980126424-512","PrincipalType":"Group","RightName":"WriteDacl","IsInherited":false},{"PrincipalSID":"S-1-5-21-2255227357-4171184251-1980126424-512","PrincipalType":"Group","RightName":"WriteOwner","IsInherited":false},{"PrincipalSID":"S-1-5-21-2255227357-4171184251-1980126424-519","PrincipalType":"Group","RightName":"GenericAll","IsInherited":true},{"PrincipalSID":"MYDOMAIN.LOCAL-S-1-5-32-544","PrincipalType":"Group","RightName":"WriteDacl","IsInherited":true},{"PrincipalSID":"MYDOMAIN.LOCAL-S-1-5-32-544","PrincipalType":"Group","RightName":"WriteOwner","IsInherited":true}],"ObjectIdentifier":"E7C62F5A-30F1-4067-B40A-42D077C0326A","IsDeleted":false,"IsACLProtected":false},{"Properties":{"domain":"MYDOMAIN.LOCAL","name":"MEETINGS@MYDOMAIN.LOCAL","distinguishedname":"CN=MEETINGS,CN=SYSTEM,DC=MYDOMAIN,DC=LOCAL","domainsid":"S-1-5-21-2255227357-4171184251-1980126424","highvalue":false},"ChildObjects":[],"Aces":[{"PrincipalSID":"S-1-5-21-2255227357-4171184251-1980126424-512","PrincipalType":"Group","RightName":"Owns","IsInherited":false},{"PrincipalSID":"S-1-5-21-2255227357-4171184251-1980126424-512","PrincipalType":"Group","RightName":"WriteDacl","IsInherited":false},{"PrincipalSID":"S-1-5-21-2255227357-4171184251-1980126424-512","PrincipalType":"Group","RightName":"WriteOwner","IsInherited":false},{"PrincipalSID":"S-1-5-21-2255227357-4171184251-1980126424-519","PrincipalType":"Group","RightName":"GenericAll","IsInherited":true},{"PrincipalSID":"MYDOMAIN.LOCAL-S-1-5-32-544","PrincipalType":"Group","RightName":"WriteDacl","IsInherited":true},{"PrincipalSID":"MYDOMAIN.LOCAL-S-1-5-32-544","PrincipalType":"Group","RightName":"WriteOwner","IsInherited":true}],"ObjectIdentifier":"540F2218-69D8-4AF2-AA5C-C07952D296FF","IsDeleted":false,"IsACLProtected":false},{"Properties":{"domain":"MYDOMAIN.LOCAL","name":"WMIGPO@MYDOMAIN.LOCAL","distinguishedname":"CN=WMIGPO,CN=WMIPOLICY,CN=SYSTEM,DC=MYDOMAIN,DC=LOCAL","domainsid":"S-1-5-21-2255227357-4171184251-1980126424","highvalue":false},"ChildObjects":[],"Aces":[{"PrincipalSID":"S-1-5-21-2255227357-4171184251-1980126424-512","PrincipalType":"Group","RightName":"Owns","IsInherited":false},{"PrincipalSID":"S-1-5-21-2255227357-4171184251-1980126424-512","PrincipalType":"Group","RightName":"WriteDacl","IsInherited":false},{"PrincipalSID":"S-1-5-21-2255227357-4171184251-1980126424-512","PrincipalType":"Group","RightName":"WriteOwner","IsInherited":false},{"PrincipalSID":"S-1-5-21-2255227357-4171184251-1980126424-519","PrincipalType":"Group","RightName":"GenericAll","IsInherited":true},{"PrincipalSID":"S-1-5-21-2255227357-4171184251-1980126424-512","PrincipalType":"Group","RightName":"GenericAll","IsInherited":true}],"ObjectIdentifier":"4DBBD7A9-A507-473D-8927-2B65FD6A0BE4","IsDeleted":false,"IsACLProtected":false},{"Properties":{"domain":"MYDOMAIN.LOCAL","name":"PSPS@MYDOMAIN.LOCAL","distinguishedname":"CN=PSPS,CN=SYSTEM,DC=MYDOMAIN,DC=LOCAL","domainsid":"S-1-5-21-2255227357-4171184251-1980126424","highvalue":false},"ChildObjects":[],"Aces":[{"PrincipalSID":"S-1-5-21-2255227357-4171184251-1980126424-512","PrincipalType":"Group","RightName":"Owns","IsInherited":false},{"PrincipalSID":"S-1-5-21-2255227357-4171184251-1980126424-512","PrincipalType":"Group","RightName":"GenericAll","IsInherited":false},{"PrincipalSID":"S-1-5-21-2255227357-4171184251-1980126424-519","PrincipalType":"Group","RightName":"GenericAll","IsInherited":true},{"PrincipalSID":"MYDOMAIN.LOCAL-S-1-5-32-544","PrincipalType":"Group","RightName":"WriteDacl","IsInherited":true},{"PrincipalSID":"MYDOMAIN.LOCAL-S-1-5-32-544","PrincipalType":"Group","RightName":"WriteOwner","IsInherited":true}],"ObjectIdentifier":"F0434B21-A29B-40F2-A6BF-545CB165915C","IsDeleted":false,"IsACLProtected":false},{"Properties":{"domain":"MYDOMAIN.LOCAL","name":"WINSOCKSERVICES@MYDOMAIN.LOCAL","distinguishedname":"CN=WINSOCKSERVICES,CN=SYSTEM,DC=MYDOMAIN,DC=LOCAL","domainsid":"S-1-5-21-2255227357-4171184251-1980126424","highvalue":false},"ChildObjects":[],"Aces":[{"PrincipalSID":"S-1-5-21-2255227357-4171184251-1980126424-512","PrincipalType":"Group","RightName":"Owns","IsInherited":false},{"PrincipalSID":"S-1-5-21-2255227357-4171184251-1980126424-512","PrincipalType":"Group","RightName":"WriteDacl","IsInherited":false},{"PrincipalSID":"S-1-5-21-2255227357-4171184251-1980126424-512","PrincipalType":"Group","RightName":"WriteOwner","IsInherited":false},{"PrincipalSID":"S-1-5-21-2255227357-4171184251-1980126424-519","PrincipalType":"Group","RightName":"GenericAll","IsInherited":true},{"PrincipalSID":"MYDOMAIN.LOCAL-S-1-5-32-544","PrincipalType":"Group","RightName":"WriteDacl","IsInherited":true},{"PrincipalSID":"MYDOMAIN.LOCAL-S-1-5-32-544","PrincipalType":"Group","RightName":"WriteOwner","IsInherited":true}],"ObjectIdentifier":"58DD0728-BE6C-433A-8860-73C9AB3A7B4F","IsDeleted":false,"IsACLProtected":false},{"Properties":{"domain":"MYDOMAIN.LOCAL","name":"ADMINSDHOLDER@MYDOMAIN.LOCAL","distinguishedname":"CN=ADMINSDHOLDER,CN=SYSTEM,DC=MYDOMAIN,DC=LOCAL","domainsid":"S-1-5-21-2255227357-4171184251-1980126424","highvalue":false},"ChildObjects":[],"Aces":[{"PrincipalSID":"S-1-5-21-2255227357-4171184251-1980126424-512","PrincipalType":"Group","RightName":"Owns","IsInherited":false},{"PrincipalSID":"MYDOMAIN.LOCAL-S-1-5-32-544","PrincipalType":"Group","RightName":"WriteDacl","IsInherited":false},{"PrincipalSID":"MYDOMAIN.LOCAL-S-1-5-32-544","PrincipalType":"Group","RightName":"WriteOwner","IsInherited":false},{"PrincipalSID":"S-1-5-21-2255227357-4171184251-1980126424-512","PrincipalType":"Group","RightName":"WriteDacl","IsInherited":false},{"PrincipalSID":"S-1-5-21-2255227357-4171184251-1980126424-512","PrincipalType":"Group","RightName":"WriteOwner","IsInherited":false},{"PrincipalSID":"S-1-5-21-2255227357-4171184251-1980126424-519","PrincipalType":"Group","RightName":"WriteDacl","IsInherited":false},{"PrincipalSID":"S-1-5-21-2255227357-4171184251-1980126424-519","PrincipalType":"Group","RightName":"WriteOwner","IsInherited":false}],"ObjectIdentifier":"C51262F9-8194-482A-88E2-800E3B288726","IsDeleted":false,"IsACLProtected":true},{"Properties":{"domain":"MYDOMAIN.LOCAL","name":"MICROSOFT@MYDOMAIN.LOCAL","distinguishedname":"CN=MICROSOFT,CN=PROGRAM DATA,DC=MYDOMAIN,DC=LOCAL","domainsid":"S-1-5-21-2255227357-4171184251-1980126424","highvalue":false},"ChildObjects":[],"Aces":[{"PrincipalSID":"S-1-5-21-2255227357-4171184251-1980126424-512","PrincipalType":"Group","RightName":"Owns","IsInherited":false},{"PrincipalSID":"S-1-5-21-2255227357-4171184251-1980126424-512","PrincipalType":"Group","RightName":"GenericAll","IsInherited":false},{"PrincipalSID":"S-1-5-21-2255227357-4171184251-1980126424-519","PrincipalType":"Group","RightName":"GenericAll","IsInherited":true},{"PrincipalSID":"MYDOMAIN.LOCAL-S-1-5-32-544","PrincipalType":"Group","RightName":"WriteDacl","IsInherited":true},{"PrincipalSID":"MYDOMAIN.LOCAL-S-1-5-32-544","PrincipalType":"Group","RightName":"WriteOwner","IsInherited":true}],"ObjectIdentifier":"7975BD3C-AF30-4DF8-A962-DF55E1681154","IsDeleted":false,"IsACLProtected":false},{"Properties":{"domain":"MYDOMAIN.LOCAL","name":"MANAGED SERVICE ACCOUNTS@MYDOMAIN.LOCAL","distinguishedname":"CN=MANAGED SERVICE ACCOUNTS,DC=MYDOMAIN,DC=LOCAL","domainsid":"S-1-5-21-2255227357-4171184251-1980126424","highvalue":false},"ChildObjects":[],"Aces":[{"PrincipalSID":"S-1-5-21-2255227357-4171184251-1980126424-512","PrincipalType":"Group","RightName":"Owns","IsInherited":false},{"PrincipalSID":"S-1-5-21-2255227357-4171184251-1980126424-512","PrincipalType":"Group","RightName":"WriteDacl","IsInherited":false},{"PrincipalSID":"S-1-5-21-2255227357-4171184251-1980126424-512","PrincipalType":"Group","RightName":"WriteOwner","IsInherited":false},{"PrincipalSID":"S-1-5-21-2255227357-4171184251-1980126424-519","PrincipalType":"Group","RightName":"GenericAll","IsInherited":true},{"PrincipalSID":"MYDOMAIN.LOCAL-S-1-5-32-544","PrincipalType":"Group","RightName":"WriteDacl","IsInherited":true},{"PrincipalSID":"MYDOMAIN.LOCAL-S-1-5-32-544","PrincipalType":"Group","RightName":"WriteOwner","IsInherited":true}],"ObjectIdentifier":"D6921DF5-32EF-4C11-AD56-1A3D11A32B6E","IsDeleted":false,"IsACLProtected":false},{"Properties":{"domain":"MYDOMAIN.LOCAL","name":"MICROSOFTDNS@MYDOMAIN.LOCAL","distinguishedname":"CN=MICROSOFTDNS,CN=SYSTEM,DC=MYDOMAIN,DC=LOCAL","domainsid":"S-1-5-21-2255227357-4171184251-1980126424","highvalue":false},"ChildObjects":[],"Aces":[{"PrincipalSID":"MYDOMAIN.LOCAL-S-1-5-9","PrincipalType":"Group","RightName":"WriteDacl","IsInherited":false},{"PrincipalSID":"MYDOMAIN.LOCAL-S-1-5-9","PrincipalType":"Group","RightName":"WriteOwner","IsInherited":false},{"PrincipalSID":"S-1-5-21-2255227357-4171184251-1980126424-512","PrincipalType":"Group","RightName":"GenericAll","IsInherited":false},{"PrincipalSID":"S-1-5-21-2255227357-4171184251-1980126424-1103","PrincipalType":"Group","RightName":"WriteDacl","IsInherited":false},{"PrincipalSID":"S-1-5-21-2255227357-4171184251-1980126424-1103","PrincipalType":"Group","RightName":"WriteOwner","IsInherited":false},{"PrincipalSID":"S-1-5-21-2255227357-4171184251-1980126424-519","PrincipalType":"Group","RightName":"GenericAll","IsInherited":true},{"PrincipalSID":"MYDOMAIN.LOCAL-S-1-5-32-544","PrincipalType":"Group","RightName":"WriteDacl","IsInherited":true},{"PrincipalSID":"MYDOMAIN.LOCAL-S-1-5-32-544","PrincipalType":"Group","RightName":"WriteOwner","IsInherited":true}],"ObjectIdentifier":"7C47CA17-1C6E-46B8-91C9-A77646FB3F7F","IsDeleted":false,"IsACLProtected":false},{"Properties":{"domain":"MYDOMAIN.LOCAL","name":"PROGRAM DATA@MYDOMAIN.LOCAL","distinguishedname":"CN=PROGRAM DATA,DC=MYDOMAIN,DC=LOCAL","domainsid":"S-1-5-21-2255227357-4171184251-1980126424","highvalue":false},"ChildObjects":[],"Aces":[{"PrincipalSID":"S-1-5-21-2255227357-4171184251-1980126424-512","PrincipalType":"Group","RightName":"Owns","IsInherited":false},{"PrincipalSID":"S-1-5-21-2255227357-4171184251-1980126424-512","PrincipalType":"Group","RightName":"GenericAll","IsInherited":false},{"PrincipalSID":"S-1-5-21-2255227357-4171184251-1980126424-519","PrincipalType":"Group","RightName":"GenericAll","IsInherited":true},{"PrincipalSID":"MYDOMAIN.LOCAL-S-1-5-32-544","PrincipalType":"Group","RightName":"WriteDacl","IsInherited":true},{"PrincipalSID":"MYDOMAIN.LOCAL-S-1-5-32-544","PrincipalType":"Group","RightName":"WriteOwner","IsInherited":true}],"ObjectIdentifier":"BABABB12-603A-4F38-B4D6-80B3C2A196FB","IsDeleted":false,"IsACLProtected":false},{"Properties":{"domain":"MYDOMAIN.LOCAL","name":"IP SECURITY@MYDOMAIN.LOCAL","distinguishedname":"CN=IP SECURITY,CN=SYSTEM,DC=MYDOMAIN,DC=LOCAL","domainsid":"S-1-5-21-2255227357-4171184251-1980126424","highvalue":false},"ChildObjects":[],"Aces":[{"PrincipalSID":"S-1-5-21-2255227357-4171184251-1980126424-512","PrincipalType":"Group","RightName":"Owns","IsInherited":false},{"PrincipalSID":"S-1-5-21-2255227357-4171184251-1980126424-512","PrincipalType":"Group","RightName":"WriteDacl","IsInherited":false},{"PrincipalSID":"S-1-5-21-2255227357-4171184251-1980126424-512","PrincipalType":"Group","RightName":"WriteOwner","IsInherited":false},{"PrincipalSID":"S-1-5-21-2255227357-4171184251-1980126424-519","PrincipalType":"Group","RightName":"GenericAll","IsInherited":true},{"PrincipalSID":"MYDOMAIN.LOCAL-S-1-5-32-544","PrincipalType":"Group","RightName":"WriteDacl","IsInherited":true},{"PrincipalSID":"MYDOMAIN.LOCAL-S-1-5-32-544","PrincipalType":"Group","RightName":"WriteOwner","IsInherited":true}],"ObjectIdentifier":"0DA9F9D3-A7E5-4212-AC9F-F4957A47B7A7","IsDeleted":false,"IsACLProtected":false}],"meta":{"methods":29675,"type":"containers","count":24,"version":5}}