﻿{"data":[{"GPOChanges":{"LocalAdmins":[],"RemoteDesktopUsers":[],"DcomUsers":[],"PSRemoteUsers":[],"AffectedComputers":[]},"Properties":{"domain":"MYDOMAIN.LOCAL","name":"DOMAIN CONTROLLERS@MYDOMAIN.LOCAL","distinguishedname":"OU=DOMAIN CONTROLLERS,DC=MYDOMAIN,DC=LOCAL","domainsid":"S-1-5-21-2255227357-4171184251-1980126424","highvalue":false,"description":"Default container for domain controllers","whencreated":1674279328,"blocksinheritance":false},"Links":[{"IsEnforced":false,"GUID":"E1DBFC84-CD47-4BA9-B8C1-839E1A18F13A"}],"ChildObjects":[{"ObjectIdentifier":"S-1-5-21-2255227357-4171184251-1980126424-1002","ObjectType":"Computer"}],"Aces":[{"PrincipalSID":"S-1-5-21-2255227357-4171184251-1980126424-512","PrincipalType":"Group","RightName":"Owns","IsInherited":false},{"PrincipalSID":"S-1-5-21-2255227357-4171184251-1980126424-512","PrincipalType":"Group","RightName":"WriteDacl","IsInherited":false},{"PrincipalSID":"S-1-5-21-2255227357-4171184251-1980126424-512","PrincipalType":"Group","RightName":"WriteOwner","IsInherited":false},{"PrincipalSID":"S-1-5-21-2255227357-4171184251-1980126424-519","PrincipalType":"Group","RightName":"GenericAll","IsInherited":true},{"PrincipalSID":"MYDOMAIN.LOCAL-S-1-5-32-544","PrincipalType":"Group","RightName":"WriteDacl","IsInherited":true},{"PrincipalSID":"MYDOMAIN.LOCAL-S-1-5-32-544","PrincipalType":"Group","RightName":"WriteOwner","IsInherited":true}],"ObjectIdentifier":"F386072A-9CB9-4B1A-B3AD-C5970FBE5FEA","IsDeleted":false,"IsACLProtected":false}],"meta":{"methods":29675,"type":"ous","count":1,"version":5}}